tick,tubes_alive,probes_alive,used_length,spawned,pruned,mean_flux
0,2,0,0.672,0,0,0.0
1,2,1,0.672,0,0,0.0
2,2,1,0.672,0,0,0.0
3,2,2,0.672,0,0,0.0
4,2,2,0.672,0,0,0.0
5,2,2,0.672,0,0,0.0
6,2,2,0.672,0,0,0.0
7,2,2,0.672,0,0,0.0
8,2,2,0.672,0,0,0.0
9,2,2,0.672,0,0,0.0
10,2,2,0.672,0,0,0.0
11,2,2,0.672,0,0,0.0
12,2,2,0.672,0,0,0.0
13,2,2,0.672,0,0,0.0
14,2,2,0.672,0,0,0.0
15,2,2,0.672,0,0,0.0
16,2,2,0.672,0,0,0.0
17,2,2,0.672,0,0,0.0
18,3,0,0.672,1,0,0.0
19,3,0,1.089,1,0,0.0
20,3,1,1.089,1,0,0.0
21,3,1,1.089,1,0,0.0
22,3,2,1.089,1,0,0.0
23,3,3,1.089,1,0,0.0
24,3,3,1.089,1,0,0.0
25,3,3,1.089,1,0,0.0
26,3,3,1.089,1,0,0.0
27,3,3,1.089,1,0,0.0
28,3,3,1.089,1,0,0.0
29,3,3,1.089,1,0,0.0
30,3,3,1.089,1,0,0.00838
31,3,3,1.089,1,0,0.01116
32,3,3,1.089,1,0,0.00879
33,3,2,1.089,1,0,0.00732
34,3,2,1.089,1,0,0.00636
35,3,2,1.089,1,0,0.005
36,3,1,1.089,1,0,0.00416
37,3,1,1.089,1,0,0.00362
38,3,2,1.089,1,0,0.00284
39,3,2,1.089,1,0,0.00237
40,3,2,1.089,1,0,0.01165
41,4,1,1.089,2,0,0.00869
42,4,1,1.541,2,0,0.00805
43,4,1,1.541,2,0,0.00731
44,4,1,1.541,2,0,0.00593
45,4,1,1.541,2,0,0.00483
46,4,1,1.541,2,0,0.00415
47,4,1,1.541,2,0,0.00331
48,4,1,1.541,2,0,0.00207
49,4,1,1.541,2,0,0.00113
50,4,2,1.541,2,0,0.00108
51,3,2,1.123,2,1,0.00222
52,3,2,1.123,2,1,0.00249
53,3,2,1.123,2,1,0.00273
54,3,2,1.123,2,1,0.00292
55,3,2,1.123,2,1,0.00271
56,3,2,1.123,2,1,0.00261
57,3,3,1.123,2,1,0.00274
58,3,3,1.123,2,1,0.00285
59,3,3,1.123,2,1,0.00316
60,3,3,1.123,2,1,0.00337
61,3,2,1.123,2,1,0.00325
62,3,2,1.123,2,1,0.00317
63,2,3,0.672,2,2,0.0045
64,2,3,0.672,2,2,0.00379
65,2,3,0.672,2,2,0.00249
66,2,3,0.672,2,2,0.00147
67,3,2,0.672,3,2,0.00071
68,3,2,1.089,3,2,0.00056
69,3,2,1.089,3,2,0.00044
70,3,2,1.089,3,2,0.00064
71,3,2,1.089,3,2,0.00134
72,3,2,1.089,3,2,0.00173
73,3,2,1.089,3,2,0.00205
74,3,2,1.089,3,2,0.00228
75,3,2,1.089,3,2,0.00236
76,3,2,1.089,3,2,0.00253
77,3,2,1.089,3,2,0.00239
78,3,2,1.089,3,2,0.00228
79,3,2,1.089,3,2,0.00222
80,3,1,1.089,3,2,0.00214
81,3,1,1.089,3,2,0.00176
82,4,0,1.089,4,2,0.00087
83,4,0,1.361,4,2,0.0006
84,4,0,1.361,4,2,0.00046
85,4,0,1.361,4,2,0.00036
86,4,0,1.361,4,2,0.00028
87,4,0,1.361,4,2,0.00021
88,4,0,1.361,4,2,0.00016
89,3,0,0.944,4,3,0.00016
90,3,0,0.944,4,3,0.0003
91,3,0,0.944,4,3,0.00085
92,3,1,0.944,4,3,0.05668
93,3,1,0.944,4,3,0.05342
94,3,1,0.944,4,3,0.04437
95,3,2,0.944,4,3,0.0372
96,3,2,0.944,4,3,0.0321
97,3,2,0.944,4,3,0.02617
98,3,3,0.944,4,3,0.02159
99,3,3,0.944,4,3,0.01842
100,3,3,0.944,4,3,0.01498
101,3,3,0.944,4,3,0.01231
102,3,3,0.944,4,3,0.0106
103,3,3,0.944,4,3,0.00864
104,2,3,0.672,4,4,0.01063
105,2,3,0.672,4,4,0.00916
106,2,3,0.672,4,4,0.00742
107,2,3,0.672,4,4,0.00619
108,3,2,0.672,5,4,0.00364
109,3,2,1.089,5,4,0.00301
110,3,2,1.089,5,4,0.00262
111,3,2,1.089,5,4,0.00239
112,3,2,1.089,5,4,0.03942
113,3,2,1.089,5,4,0.03632
114,3,2,1.089,5,4,0.03092
115,3,2,1.089,5,4,0.02664
116,3,3,1.089,5,4,0.02153
117,3,3,1.089,5,4,0.01777
118,3,2,1.089,5,4,0.01528
119,3,2,1.089,5,4,0.01237
120,3,2,1.089,5,4,0.01029
121,3,1,1.089,5,4,0.00877
122,3,1,1.089,5,4,0.0071
123,3,1,1.089,5,4,0.00597
124,2,1,0.785,5,5,0.00756
125,2,1,0.785,5,5,0.00613
126,2,2,0.785,5,5,0.00519
127,2,2,0.785,5,5,0.00435
128,2,2,0.785,5,5,0.00353
129,2,2,0.785,5,5,0.003
130,1,2,0.367,5,6,0.00508
131,1,2,0.367,5,6,0.00432
132,1,2,0.367,5,6,0.08359
133,1,2,0.367,5,6,0.07597
134,1,3,0.367,5,6,0.06613
135,1,3,0.367,5,6,0.05771
136,1,3,0.367,5,6,0.04532
137,1,3,0.367,5,6,0.03804
138,1,3,0.367,5,6,0.03334
139,1,2,0.367,5,6,0.02613
140,1,3,0.367,5,6,0.02192
141,1,3,0.367,5,6,0.01926
142,1,3,0.367,5,6,0.01504
143,1,3,0.367,5,6,0.01267
144,1,3,0.367,5,6,0.01111
145,1,3,0.367,5,6,0.00866
146,1,3,0.367,5,6,0.00734
147,1,3,0.367,5,6,0.0064
148,1,3,0.367,5,6,0.00499
149,1,2,0.367,5,6,0.00425
150,1,2,0.367,5,6,0.00372
151,1,2,0.367,5,6,0.00307
152,2,1,0.367,6,6,0.02939
153,2,1,0.785,6,6,0.02704
154,2,1,0.785,6,6,0.02322
155,2,2,0.785,6,6,0.02012
156,2,2,0.785,6,6,0.01597
157,3,1,0.785,7,6,0.00878
158,3,1,1.236,7,6,0.00762
159,3,1,1.236,7,6,0.00607
160,3,1,1.236,7,6,0.00498
161,3,1,1.236,7,6,0.00434
162,3,1,1.236,7,6,0.00345
163,3,1,1.236,7,6,0.00283
164,3,1,1.236,7,6,0.00247
165,3,1,1.236,7,6,0.00195
166,3,1,1.236,7,6,0.00162
167,3,1,1.236,7,6,0.00141
168,3,1,1.236,7,6,0.0011
169,3,1,1.236,7,6,0.05166
170,3,1,1.236,7,6,0.0538
171,3,1,1.236,7,6,0.04254
172,3,1,1.236,7,6,0.02824
173,3,1,1.236,7,6,0.02278
174,2,1,0.818,7,7,0.02769
175,2,1,0.818,7,7,0.02353
176,2,1,0.818,7,7,0.02174
177,2,2,0.818,7,7,0.01739
178,2,1,0.818,7,7,0.01395
179,1,1,0.367,7,8,0.02517
180,1,1,0.367,7,8,0.02012
181,1,1,0.367,7,8,0.01618
182,1,1,0.367,7,8,0.01456
183,1,1,0.367,7,8,0.01161
184,1,1,0.367,7,8,0.00941
185,1,1,0.367,7,8,0.00842
186,1,1,0.367,7,8,0.00669
187,1,1,0.367,7,8,0.00547
188,1,1,0.367,7,8,0.00487
189,1,1,0.367,7,8,0.10755
190,1,1,0.367,7,8,0.11041
191,1,1,0.367,7,8,0.08877
192,1,1,0.367,7,8,0.06123
193,2,1,0.367,8,8,0.02338
194,2,1,0.785,8,8,0.01866
195,2,1,0.785,8,8,0.01698
196,2,1,0.785,8,8,0.01492
197,2,1,0.785,8,8,0.01185
198,2,1,0.785,8,8,0.01004
199,2,1,0.785,8,8,0.00862
200,2,1,0.785,8,8,0.0069
201,2,1,0.785,8,8,0.00577
202,2,2,0.785,8,8,0.00493
203,2,2,0.785,8,8,0.00395
204,2,2,0.785,8,8,0.00329
205,2,2,0.785,8,8,0.00281
206,2,2,0.785,8,8,0.00225
207,2,2,0.785,8,8,0.00189
208,2,3,0.785,8,8,0.0016
209,2,3,0.785,8,8,0.03672
210,2,3,0.785,8,8,0.03669
211,2,3,0.785,8,8,0.03033
212,3,2,0.785,9,8,0.01445
213,3,3,1.236,9,8,0.01026
214,3,3,1.236,9,8,0.00821
215,2,3,0.818,9,9,0.0126
216,2,3,0.818,9,9,0.01047
217,2,3,0.818,9,9,0.00835
218,2,3,0.818,9,9,0.00753
219,2,3,0.818,9,9,0.00605
220,2,3,0.818,9,9,0.00486
221,2,2,0.818,9,9,0.00433
222,2,3,0.818,9,9,0.00346
223,2,3,0.818,9,9,0.00279
224,3,2,0.818,10,9,0.00164
225,3,2,1.236,10,9,0.00131
226,3,2,1.236,10,9,0.00107
227,3,2,1.236,10,9,0.00093
228,3,2,1.236,10,9,0.00075
229,3,2,1.236,10,9,0.01735
230,3,2,1.236,10,9,0.01743
231,3,2,1.236,10,9,0.01444
232,3,2,1.236,10,9,0.01046
233,3,2,1.236,10,9,0.00728
234,2,2,0.785,10,10,0.00882
235,2,2,0.785,10,10,0.00902
236,2,1,0.785,10,10,0.00744
237,2,1,0.785,10,10,0.00596
238,2,2,0.785,10,10,0.0054
239,2,2,0.785,10,10,0.0043
240,2,2,0.785,10,10,0.00346
241,2,2,0.785,10,10,0.00311
242,3,1,0.785,11,10,0.00164
243,3,2,1.236,11,10,0.00132
244,3,2,1.236,11,10,0.06326
245,3,2,1.236,11,10,0.05426
246,2,2,0.818,11,11,0.06607
247,2,2,0.818,11,11,0.05594
248,2,2,0.818,11,11,0.04686
249,2,2,0.818,11,11,0.03282
250,2,2,0.818,11,11,0.0257
251,2,1,0.818,11,11,0.0208
252,2,1,0.818,11,11,0.01987
253,2,1,0.818,11,11,0.01775
254,2,1,0.818,11,11,0.01455
255,2,1,0.818,11,11,0.01237
256,2,2,0.818,11,11,0.01046
257,2,2,0.818,11,11,0.00835
258,2,2,0.818,11,11,0.00712
259,2,2,0.818,11,11,0.00602
260,2,2,0.818,11,11,0.00481
261,3,2,0.818,12,11,0.00271
262,3,2,1.236,12,11,0.00231
263,3,2,1.236,12,11,0.00186
264,2,2,0.785,12,12,0.066
265,2,2,0.785,12,12,0.05534
266,2,3,0.785,12,12,0.04618
267,2,3,0.785,12,12,0.04027
268,2,3,0.785,12,12,0.03195
269,2,3,0.785,12,12,0.02364
270,2,2,0.785,12,12,0.01808
271,2,2,0.785,12,12,0.01472
272,2,2,0.785,12,12,0.01414
273,2,2,0.785,12,12,0.0126
274,2,2,0.785,12,12,0.0101
275,2,3,0.785,12,12,0.00892
276,2,3,0.785,12,12,0.00741
277,2,3,0.785,12,12,0.00581
278,3,2,0.785,13,12,0.00345
279,3,2,1.236,13,12,0.00284
280,3,2,1.236,13,12,0.00221
281,3,2,1.236,13,12,0.00199
282,3,1,1.236,13,12,0.00163
283,2,1,0.818,13,13,0.0019
284,2,1,0.818,13,13,0.04688
285,2,1,0.818,13,13,0.03947
286,2,1,0.818,13,13,0.03297
287,2,1,0.818,13,13,0.02891
288,2,1,0.818,13,13,0.0228
289,2,1,0.818,13,13,0.01705
290,2,1,0.818,13,13,0.01287
291,2,2,0.818,13,13,0.01039
292,2,2,0.818,13,13,0.0102
293,2,2,0.818,13,13,0.009
294,2,2,0.818,13,13,0.00718
295,2,2,0.818,13,13,0.00638
296,2,2,0.818,13,13,0.00529
297,2,3,0.818,13,13,0.00414
298,2,2,0.818,13,13,0.00369
299,2,2,0.818,13,13,0.00305
300,1,2,0.367,13,14,0.00474
301,1,2,0.367,13,14,0.00426
302,1,2,0.367,13,14,0.00351
303,1,2,0.367,13,14,0.00271
304,1,2,0.367,13,14,0.066
305,1,2,0.367,13,14,0.05673
306,1,2,0.367,13,14,0.04755
307,1,2,0.367,13,14,0.04082
308,1,2,0.367,13,14,0.03293
309,1,2,0.367,13,14,0.02456
310,2,1,0.367,14,14,0.00913
311,2,1,0.785,14,14,0.00753
312,2,1,0.785,14,14,0.00727
313,2,1,0.785,14,14,0.00631
314,2,1,0.785,14,14,0.00527
315,2,1,0.785,14,14,0.00456
316,2,1,0.785,14,14,0.0037
317,2,1,0.785,14,14,0.00305
318,2,1,0.785,14,14,0.00264
319,2,1,0.785,14,14,0.00214
320,2,0,0.785,14,14,0.00174
321,2,0,0.785,14,14,0.00152
322,2,0,0.785,14,14,0.00123
323,2,0,0.785,14,14,0.00098
324,2,0,0.785,14,14,0.0226
325,2,0,0.785,14,14,0.01997
326,2,0,0.785,14,14,0.01719
327,2,0,0.785,14,14,0.01386
328,2,0,0.785,14,14,0.01137
329,2,0,0.785,14,14,0.00873
330,2,0,0.785,14,14,0.00627
331,2,0,0.785,14,14,0.00524
332,1,1,0.367,14,15,0.01037
333,1,1,0.367,14,15,0.00885
334,1,1,0.367,14,15,0.00775
335,1,1,0.367,14,15,0.00656
336,1,1,0.367,14,15,0.00517
337,1,1,0.367,14,15,0.00454
338,1,2,0.367,14,15,0.00377
339,1,2,0.367,14,15,0.00295
340,1,2,0.367,14,15,0.00262
341,1,3,0.367,14,15,0.00217
342,1,3,0.367,14,15,0.17505
343,1,3,0.367,14,15,0.1643
344,1,3,0.367,14,15,0.15211
345,1,3,0.367,14,15,0.12644
346,1,3,0.367,14,15,0.10416
347,1,3,0.367,14,15,0.08813
348,2,2,0.367,15,15,0.03655
349,2,2,0.785,15,15,0.02998
350,2,2,0.785,15,15,0.0259
351,2,3,0.785,15,15,0.02147
352,2,3,0.785,15,15,0.01769
353,2,3,0.785,15,15,0.01505
354,2,3,0.785,15,15,0.0125
355,2,3,0.785,15,15,0.01018
356,2,2,0.785,15,15,0.00865
357,2,3,0.785,15,15,0.00712
358,2,3,0.785,15,15,0.00581
359,2,3,0.785,15,15,0.00493
360,2,3,0.785,15,15,0.00403
361,2,2,0.785,15,15,0.00331
362,2,2,0.785,15,15,0.05634
363,2,2,0.785,15,15,0.05648
364,2,3,0.785,15,15,0.04927
365,2,3,0.785,15,15,0.04123
366,2,3,0.785,15,15,0.03542
367,2,3,0.785,15,15,0.02814
368,2,3,0.785,15,15,0.02349
369,3,2,0.785,16,15,0.01341
370,2,2,0.818,16,16,0.01753
371,2,2,0.818,16,16,0.01498
372,2,2,0.818,16,16,0.01272
373,2,2,0.818,16,16,0.01024
374,2,2,0.818,16,16,0.00874
375,2,3,0.818,16,16,0.0073
376,2,3,0.818,16,16,0.00588
377,2,3,0.818,16,16,0.005
378,2,3,0.818,16,16,0.00415
379,2,3,0.818,16,16,0.00334
380,2,2,0.818,16,16,0.00284
381,2,2,0.818,16,16,0.00236
382,2,2,0.818,16,16,0.03944
383,2,2,0.818,16,16,0.04095
384,2,2,0.818,16,16,0.03502
385,2,2,0.818,16,16,0.02923
386,2,2,0.818,16,16,0.02562
387,2,2,0.818,16,16,0.02011
388,2,2,0.818,16,16,0.01659
389,2,2,0.818,16,16,0.01461
390,2,3,0.818,16,16,0.01247
391,1,3,0.367,16,17,0.02109
392,1,3,0.367,16,17,0.01859
393,1,3,0.367,16,17,0.01462
394,1,3,0.367,16,17,0.01227
395,1,3,0.367,16,17,0.01068
396,1,3,0.367,16,17,0.00838
397,2,2,0.367,17,17,0.00352
398,2,1,0.785,17,17,0.00303
399,2,1,0.785,17,17,0.00238
400,2,1,0.785,17,17,0.002
401,2,1,0.785,17,17,0.00172
402,2,1,0.785,17,17,0.02793
403,2,1,0.785,17,17,0.02915
404,2,1,0.785,17,17,0.02512
405,2,1,0.785,17,17,0.02095
406,2,1,0.785,17,17,0.01804
407,2,1,0.785,17,17,0.01464
408,2,1,0.785,17,17,0.01187
409,2,1,0.785,17,17,0.01028
410,2,1,0.785,17,17,0.00907
411,2,1,0.785,17,17,0.0075
412,2,1,0.785,17,17,0.00656
413,2,0,0.785,17,17,0.00531
414,2,0,0.785,17,17,0.00432
415,2,0,0.785,17,17,0.00373
416,2,1,0.785,17,17,0.00299
417,2,1,0.785,17,17,0.00244
418,2,1,0.785,17,17,0.0021
419,1,1,0.367,17,18,0.00345
420,1,1,0.367,17,18,0.00285
421,1,1,0.367,17,18,0.00245
422,1,1,0.367,17,18,0.03975
423,1,2,0.367,17,18,0.04089
424,1,2,0.367,17,18,0.0357
425,1,2,0.367,17,18,0.03101
426,1,2,0.367,17,18,0.02524
427,1,3,0.367,17,18,0.02097
428,1,3,0.367,17,18,0.01756
429,1,3,0.367,17,18,0.01432
430,1,3,0.367,17,18,0.18728
431,2,2,0.367,18,18,0.08568
432,2,2,0.785,18,18,0.07441
433,2,2,0.785,18,18,0.05968
434,2,2,0.785,18,18,0.04916
435,2,2,0.785,18,18,0.04282
436,2,2,0.785,18,18,0.03453
437,2,2,0.785,18,18,0.02828
438,2,2,0.785,18,18,0.02469
439,2,2,0.785,18,18,0.01992
440,2,2,0.785,18,18,0.01632
441,2,2,0.785,18,18,0.01425
442,2,3,0.785,18,18,0.01156
443,2,3,0.785,18,18,0.00955
444,3,2,0.785,19,18,0.00541
445,3,2,1.236,19,18,0.00497
446,3,2,1.236,19,18,0.00398
447,3,2,1.236,19,18,0.00306
448,3,2,1.236,19,18,0.00276
449,3,2,1.236,19,18,0.00217
450,3,2,1.236,19,18,0.04012
451,3,2,1.236,19,18,0.03903
452,3,2,1.236,19,18,0.03202
453,2,2,0.818,19,19,0.04143
454,2,2,0.818,19,19,0.03546
455,2,2,0.818,19,19,0.02924
456,2,3,0.818,19,19,0.0241
457,2,3,0.818,19,19,0.02036
458,2,3,0.818,19,19,0.01681
459,2,3,0.818,19,19,0.01401
460,2,3,0.818,19,19,0.01171
461,2,3,0.818,19,19,0.00966
462,2,3,0.818,19,19,0.00857
463,2,3,0.818,19,19,0.00692
464,2,3,0.818,19,19,0.00599
465,2,2,0.818,19,19,0.00546
466,1,3,0.367,19,20,0.00875
467,2,2,0.367,20,20,0.00337
468,2,2,0.818,20,20,0.00304
469,2,2,0.818,20,20,0.00239
470,2,2,0.818,20,20,0.04181
471,2,2,0.818,20,20,0.04287
472,2,2,0.818,20,20,0.03365
473,2,3,0.818,20,20,0.0296
474,2,3,0.818,20,20,0.02606
475,2,3,0.818,20,20,0.02053
476,2,3,0.818,20,20,0.01714
477,2,3,0.818,20,20,0.01504
478,2,3,0.818,20,20,0.01182
479,2,2,0.818,20,20,0.00991
480,2,2,0.818,20,20,0.00867
481,2,2,0.818,20,20,0.00679
482,2,2,0.818,20,20,0.00621
483,2,3,0.818,20,20,0.0048
484,3,2,0.818,21,20,0.00294
485,3,3,1.236,21,20,0.00259
486,3,3,1.236,21,20,0.00203
487,3,3,1.236,21,20,0.00167
488,3,3,1.236,21,20,0.00144
489,2,3,0.785,21,21,0.0017
490,2,3,0.785,21,21,0.02952
491,2,3,0.785,21,21,0.03066
492,2,3,0.785,21,21,0.02415
493,2,3,0.785,21,21,0.02107
494,2,3,0.785,21,21,0.0186
495,2,3,0.785,21,21,0.01476
496,2,2,0.785,21,21,0.0122
497,2,2,0.785,21,21,0.01074
498,2,2,0.785,21,21,0.0085
499,2,2,0.785,21,21,0.00704
500,2,2,0.785,21,21,0.00621
501,2,2,0.785,21,21,0.00488
502,2,2,0.785,21,21,0.00435
503,2,2,0.785,21,21,0.00341
504,2,2,0.785,21,21,0.00329
505,3,1,0.785,22,21,0.00184
506,2,1,0.818,22,22,0.00211
507,2,1,0.818,22,22,0.0749
508,2,0,0.818,22,22,0.08516
509,2,0,0.818,22,22,0.07425
510,2,0,0.818,22,22,0.05196
511,2,0,0.818,22,22,0.03733
512,2,0,0.818,22,22,0.03343
513,2,0,0.818,22,22,0.02682
514,2,0,0.818,22,22,0.02116
515,2,0,0.818,22,22,0.01908
516,2,1,0.818,22,22,0.01554
517,2,1,0.818,22,22,0.01219
518,2,1,0.818,22,22,0.01102
519,2,1,0.818,22,22,0.00896
520,2,1,0.818,22,22,0.00705
521,2,1,0.818,22,22,0.00635
522,2,1,0.818,22,22,0.00729
523,2,2,0.818,22,22,0.00713
524,2,2,0.818,22,22,0.00669
525,2,2,0.818,22,22,0.00547
526,2,2,0.818,22,22,0.00443
527,1,2,0.367,22,23,0.10003
528,1,2,0.367,22,23,0.12211
529,1,2,0.367,22,23,0.10171
530,1,2,0.367,22,23,0.0722
531,1,2,0.367,22,23,0.05422
532,1,3,0.367,22,23,0.04593
533,1,3,0.367,22,23,0.03601
534,1,3,0.367,22,23,0.03071
535,1,3,0.367,22,23,0.02622
536,1,3,0.367,22,23,0.02098
537,1,3,0.367,22,23,0.01756
538,1,3,0.367,22,23,0.01513
539,1,2,0.367,22,23,0.01221
540,2,1,0.367,23,23,0.00503
541,2,1,0.818,23,23,0.00436
542,2,1,0.818,23,23,0.00502
543,2,1,0.818,23,23,0.0051
544,2,1,0.818,23,23,0.0046
545,2,1,0.818,23,23,0.00387
546,2,2,0.818,23,23,0.00317
547,2,2,0.818,23,23,0.03408
548,2,2,0.818,23,23,0.04481
549,2,2,0.818,23,23,0.03531
550,2,2,0.818,23,23,0.02601
551,2,2,0.818,23,23,0.01979
552,2,2,0.818,23,23,0.01591
553,2,1,0.818,23,23,0.01235
554,2,1,0.818,23,23,0.01114
555,2,1,0.818,23,23,0.00897
556,2,1,0.818,23,23,0.00702
557,2,1,0.818,23,23,0.00633
558,2,1,0.818,23,23,0.0051
559,2,2,0.818,23,23,0.00402
560,2,2,0.818,23,23,0.00358
561,2,3,0.818,23,23,0.0029
562,1,3,0.367,23,24,0.00678
563,1,3,0.367,23,24,0.00767
564,1,3,0.367,23,24,0.00644
565,1,3,0.367,23,24,0.00549
566,1,3,0.367,23,24,0.00473
567,1,3,0.367,23,24,0.04764
568,1,3,0.367,23,24,0.06436
569,1,2,0.367,23,24,0.05037
570,1,2,0.367,23,24,0.0374
571,1,3,0.367,23,24,0.02827
572,1,3,0.367,23,24,0.02272
573,1,3,0.367,23,24,0.01767
574,1,3,0.367,23,24,0.01592
575,1,3,0.367,23,24,0.01282
576,1,3,0.367,23,24,0.01001
577,2,2,0.367,24,24,0.00453
578,2,2,0.785,24,24,0.00365
579,2,2,0.785,24,24,0.00285
580,2,2,0.785,24,24,0.00257
581,2,2,0.785,24,24,0.00207
582,2,1,0.785,24,24,0.00235
583,2,1,0.785,24,24,0.00279
584,2,1,0.785,24,24,0.00228
585,2,1,0.785,24,24,0.00192
586,2,2,0.785,24,24,0.0017
587,2,3,0.785,24,24,0.01653
588,2,3,0.785,24,24,0.02224
589,2,3,0.785,24,24,0.01758
590,3,2,0.785,25,24,0.00877
591,3,2,1.236,25,24,0.00644
592,3,2,1.236,25,24,0.00511
593,3,3,1.236,25,24,0.00411
594,3,3,1.236,25,24,0.00358
595,3,3,1.236,25,24,0.00286
596,3,3,1.236,25,24,0.00228
597,3,3,1.236,25,24,0.00201
598,3,3,1.236,25,24,0.00161
599,2,3,0.818,25,25,0.00205
600,2,3,0.818,25,25,0.00183
601,2,3,0.818,25,25,0.08061
602,2,3,0.818,25,25,0.08343
603,2,3,0.818,25,25,0.06893
604,2,3,0.818,25,25,0.05999
605,2,3,0.818,25,25,0.04806
606,2,3,0.818,25,25,0.03954
607,2,2,0.818,25,25,0.03723
608,2,2,0.818,25,25,0.03413
609,2,1,0.818,25,25,0.02847
610,2,1,0.818,25,25,0.02465
611,3,0,0.818,26,25,0.01308
612,2,0,0.785,26,26,0.01608
613,2,0,0.785,26,26,0.014
614,2,0,0.785,26,26,0.01122
615,2,1,0.785,26,26,0.00923
616,2,1,0.785,26,26,0.00805
617,2,2,0.785,26,26,0.00642
618,2,2,0.785,26,26,0.0053
619,2,2,0.785,26,26,0.00468
620,2,2,0.785,26,26,0.00374
621,2,2,0.785,26,26,0.05444
622,2,3,0.785,26,26,0.05808
623,2,3,0.785,26,26,0.04961
624,2,3,0.785,26,26,0.041
625,2,3,0.785,26,26,0.03338
626,2,3,0.785,26,26,0.02847
627,2,3,0.785,26,26,0.02538
628,2,3,0.785,26,26,0.02442
629,2,3,0.785,26,26,0.02004
630,2,3,0.785,26,26,0.01699
631,2,3,0.785,26,26,0.01403
632,2,3,0.785,26,26,0.01132
633,2,2,0.367,27,27,0.00958
634,2,2,0.818,27,27,0.00805
635,2,3,0.818,27,27,0.00649
636,2,3,0.818,27,27,0.0055
637,2,2,0.818,27,27,0.00461
638,2,2,0.818,27,27,0.00373
639,2,2,0.818,27,27,0.0032
640,2,1,0.818,27,27,0.00267
641,2,1,0.818,27,27,0.03727
642,2,1,0.818,27,27,0.04199
643,2,2,0.818,27,27,0.03638
644,2,2,0.818,27,27,0.02871
645,2,2,0.818,27,27,0.02389
646,2,2,0.818,27,27,0.02098
647,2,2,0.818,27,27,0.01758
648,2,2,0.818,27,27,0.01758
649,2,2,0.818,27,27,0.01471
650,2,2,0.818,27,27,0.01196
651,2,2,0.818,27,27,0.00998
652,2,2,0.818,27,27,0.00835
653,2,3,0.818,27,27,0.00672
654,3,2,0.818,28,27,0.02639
655,2,2,0.785,28,28,0.08976
656,2,2,0.785,28,28,0.07503
657,2,2,0.785,28,28,0.06532
658,2,3,0.785,28,28,0.05145
659,2,3,0.785,28,28,0.04312
660,2,3,0.785,28,28,0.03774
661,2,3,0.785,28,28,0.05029
662,2,3,0.785,28,28,0.0528
663,2,3,0.785,28,28,0.04598
664,2,3,0.785,28,28,0.03603
665,3,2,0.785,29,28,0.02017
666,3,3,1.236,29,28,0.01766
667,3,3,1.236,29,28,0.01445
668,3,3,1.236,29,28,0.01393
669,3,3,1.236,29,28,0.01202
670,3,3,1.236,29,28,0.00945
671,3,3,1.236,29,28,0.00782
672,3,2,1.236,29,28,0.00678
673,3,2,1.236,29,28,0.00535
674,3,2,1.236,29,28,0.01803
675,3,2,1.236,29,28,0.0418
676,2,2,0.818,29,29,0.05211
677,2,2,0.818,29,29,0.04549
678,2,2,0.818,29,29,0.03594
679,2,2,0.818,29,29,0.02997
680,2,2,0.818,29,29,0.02624
681,2,1,0.818,29,29,0.03519
682,2,1,0.818,29,29,0.03721
683,2,1,0.818,29,29,0.03214
684,2,1,0.818,29,29,0.02567
685,2,1,0.818,29,29,0.02132
686,2,2,0.818,29,29,0.01851
687,2,1,0.367,30,30,0.01548
688,2,2,0.785,30,30,0.01463
689,2,2,0.785,30,30,0.01274
690,2,2,0.785,30,30,0.01012
691,2,2,0.785,30,30,0.0082
692,2,2,0.785,30,30,0.00716
693,2,2,0.785,30,30,0.00574
694,2,2,0.785,30,30,0.01659
695,2,2,0.785,30,30,0.04505
696,2,2,0.785,30,30,0.03799
697,2,2,0.785,30,30,0.03204
698,2,3,0.785,30,30,0.02583
699,2,3,0.785,30,30,0.02182
700,2,3,0.785,30,30,0.01842
701,2,3,0.785,30,30,0.02443
702,2,3,0.785,30,30,0.02735
703,2,3,0.785,30,30,0.02239
704,2,3,0.785,30,30,0.01856
705,2,3,0.785,30,30,0.01568
706,2,3,0.785,30,30,0.0129
707,2,3,0.785,30,30,0.01121
708,2,3,0.785,30,30,0.01061
709,2,1,0.367,31,31,0.0089
710,2,2,0.785,31,31,0.00736
711,2,2,0.785,31,31,0.00597
712,2,2,0.785,31,31,0.005
713,2,2,0.785,31,31,0.00417
714,2,3,0.785,31,31,0.00719
715,2,3,0.785,31,31,0.03272
716,2,3,0.785,31,31,0.02798
717,2,3,0.785,31,31,0.02233
718,2,3,0.785,31,31,0.01856
719,2,3,0.785,31,31,0.01615
